INSERT INTO Carrier 
  (airline_id,carrier_name,country)
VALUES 
  ('2001', 'AirCan', 'Canada'),
  ('2002', 'United', 'USA'),
  ('2003', 'British Air', 'UK');
  
INSERT INTO airport 
  (airport_id,city,country,province_state)
VALUES 
  ('301', 'Toronto', 'Canada', 'Ontario'),
  ('302', 'Montreal', 'Canada', 'Quebec'),
  ('303', 'New York', 'USA', 'New York'),
  ('304', 'Chicago', 'USA', 'Illinos'),
  ('305', 'London', 'UK', 'None'),
  ('306', 'Endinburgh', 'UK', 'None'),
  ('307', 'Paris', 'France', 'None'),
  ('308', 'Nice', 'France', 'None');
  
INSERT INTO Flight 
  (unique_flight_number,origin_id,destination_id,airline_id,date_time_departure,date_time_arrival,time_of_flight)
VALUES 
  ('101', '302','301','2001', '01.02.2018 15:00','01.02.2018 18:00', '3:00' ),
  ('102', '303','301','2002', '01.02.2018 15:00','01.02.2018 18:00', '3:00' ),
  ('103', '304','301','2002', '01.02.2018 15:00','01.02.2018 18:00', '3:00' ),
  ('104', '305','301','2002', '01.02.2018 15:00','01.02.2018 18:00', '3:00' ),
  ('105', '305','301','2003', '01.02.2018 15:00','01.02.2018 18:00', '3:00' ),
  ('106', '306','301','2003', '01.02.2018 15:00','01.02.2018 18:00', '3:00' ),
  ('107', '301','302','2001', '01.02.2018 15:00','01.02.2018 18:00', '3:00' ),
  ('108', '306','302','2003', '01.02.2018 15:00','01.02.2018 18:00', '3:00' ),
  ('109', '301','303','2002', '01.02.2018 15:00','01.02.2018 18:00', '3:00' ),
  ('110', '304','303','2002', '01.02.2018 15:00','01.02.2018 18:00', '3:00' ),
  ('111', '301','304','2002', '01.02.2018 15:00','01.02.2018 18:00', '3:00' ),
  ('112', '303','304','2002', '01.02.2018 15:00','01.02.2018 18:00', '3:00' ),
  ('113', '301','305','2002', '01.02.2018 15:00','01.02.2018 18:00', '3:00' ),
  ('114', '302','305','2001', '01.02.2018 15:00','01.02.2018 18:00', '3:00' ),
  ('115', '306','305','2003', '01.02.2018 15:00','01.02.2018 18:00', '3:00' ),
  ('116', '307','305','2003', '01.02.2018 15:00','01.02.2018 18:00', '3:00' ),
  ('117', '308','305','2003', '01.02.2018 15:00','01.02.2018 18:00', '3:00' ),
  ('118', '301','306','2001', '01.02.2018 15:00','01.02.2018 18:00', '3:00' ),
  ('119', '302','306','2001', '01.02.2018 15:00','01.02.2018 18:00', '3:00' ),
  ('120', '305','306','2003', '01.02.2018 15:00','01.02.2018 18:00', '3:00' ),
  ('121', '307','306','2003', '01.02.2018 15:00','01.02.2018 18:00', '3:00' ),
  ('122', '308','306','2003', '01.02.2018 15:00','01.02.2018 18:00', '3:00' ),
  ('123', '305','307','2003', '01.02.2018 15:00','01.02.2018 18:00', '3:00' ),
  ('124', '306','307','2003', '01.02.2018 15:00','01.02.2018 18:00', '3:00' ),
  ('125', '308','307','2003', '01.02.2018 15:00','01.02.2018 18:00', '3:00' ),
  ('126', '305','308','2003', '01.02.2018 15:00','01.02.2018 18:00', '3:00' ),
  ('127', '306','308','2003', '01.02.2018 15:00','01.02.2018 18:00', '3:00' ),
  ('128', '307','308','2003', '01.02.2018 15:00','01.02.2018 18:00', '3:00' );
